{
    "db": {
        "account_path": "data/account.db",
        "ledger_path": "data/ledger.db",
        "keyvalue_path": "data/keyvalue.db"
    },
    "monitor": {
        "agent_id": "{fa9defb3-c2a1-455b-acec-e98424940dc8}",
        "center": "127.0.0.1:19336",
        "disk_path": "/",
        "enabled": false
    },
    "p2p": {
        "network_id": 5687162,
        "address": "",
        "node_private_key": "",
        "ssl": {
            "chain_file": "config/node_bubi.crt",
            "private_key_file": "config/node_bubi.pem",
            "private_password": "67e2a4fa7e39c55f9e7b1234ccba0827",
            "dhparam_file": "config/dh2048.pem",
            "verify_file": "config/ca.crt"
        },
        "consensus_network": {
            "heartbeat_interval": 60,
            "listen_port": 18001,
            "target_peer_connection": 50,
            "max_connection": 20000,
            "connect_timeout": 5,
			"known_peers":[
                "ws-node.zetrix.com:80"
			]
        }
    },
    "webserver": {
        "listen_addresses": "0.0.0.0:18002",
        "index_name": "",
        "directory": "web/",
        "ssl_enable": false,
        "query_limit": 1000,
        "multiquery_limit": 100,
        "thread_count": 8
    },
    "wsserver": {
        "listen_address": "0.0.0.0:18003",
        "allow_orgin": ""
    },
    "ledger": {
        "validation_address": "",
        "validation_private_key": "",
        "max_trans_per_ledger": 1000,
        "hash_type": 0,
        "hardfork_points": [],
		"tx_pool":{
            "queue_limit":10240,
            "queue_per_account_txs_limit":64
        }
    },
    "genesis": {
        "chain_id": 0,
        "account": "ZTX3ZmEr5huWA5n6S8NXnN8SQUjiJKG3aKceM",
        "slogan": "a new era of value",
        "fees": {
            "base_reserve": 0,
            "gas_price": 10
        },
        "validators":[
            "ZTX3ceE5v6k78UFNZvUeYdubJhaJvb5zKwte7",
            "ZTX3XPZUbxrSddZxCzn7yhXq2sVg5wiphY8KQ",
            "ZTX3TVVTeWzCzNemCxWZ6GLTf7zG1CUw637E3",
            "ZTX3HZKgT5yPT56afuCyLFMNWg2mkAXBXj2QQ",
            "ZTX3QnQ3NscC9c9zBbSs6Th6a7AUb5j6tjfoh",
            "ZTX3c8nSKgU6cXQXFetfX4FKJKmjetkDQogA4",
            "ZTX3GL4Je47T8H4MHkRdzT8YLPVg3Baphhark",
            "ZTX3Hx6nTL7qPsR9cD2DGxdShRQFX6T3X5oub",
            "ZTX3YXmFR3jP62vbP3jAUL8KndbT2hLkJBzPx",
            "ZTX3PwCoMC64cYRbm35k4RRWDSytVz4jBuhZQ",
            "ZTX3Jk3NtVZ7ZuTT1znGwS6t23Fa7bkU9iE83",
            "ZTX3MNyGpbuHzJXzHFKxbJkuNxiRvBaFALJ6r",
            "ZTX3H7Vmj5D71f2WPQpEH7NbZ6ivZjAus4QwB",
            "ZTX3UybPuVrj9Aw2HNwNNZYCQDk9TPovtdgBf",
            "ZTX3dQh7o3B9KtkufQnK6gEQT3eQDXQo13tN3",
            "ZTX3KyKnRefindtK1Fx7m8u6xgARw64bzaYkv",
            "ZTX3WtPuXeJPj6GNhQgXZCdx6wVciCoYLViLN",
            "ZTX3NEREphask9uasokfSo1sniuSetH6KUroT",
            "ZTX3TKPnA8B6YoSeYG85tzgK1kcsKsy8KSdKH",
            "ZTX3KxJYhYRBnETzQAq6GVqKwLD1iNY5vMk5H"

	]
    },
    "logger": {
        "path": "log/bubi.log",
        "dest": "FILE|STDOUT|STDERR",
        "level": "TRACE|INFO|WARNING|ERROR|FATAL",
        "time_capacity": 1,
        "size_capacity": 10,
        "expire_days": 10
    }
}
