{
    "db": {
        "account_path": "data/account.db",
        "ledger_path": "data/ledger.db",
        "keyvalue_path": "data/keyvalue.db"
    },
    "monitor": {
        "agent_id": "{fa9defb3-c2a1-455b-acec-e98424940dc8}",
        "center": "127.0.0.1:19336",
        "disk_path": "/",
        "enabled": false
    },
    "p2p": {
        "network_id": 1635227727,
        "address": "",
        "node_private_key": "",
        "ssl": {
            "chain_file": "config/node_bubi.crt",
            "private_key_file": "config/node_bubi.pem",
            "private_password": "67e2a4fa7e39c55f9e7b1234ccba0827",
            "dhparam_file": "config/dh2048.pem",
            "verify_file": "config/ca.crt"
        },
        "consensus_network": {
            "heartbeat_interval": 60,
            "listen_port": 9333,
            "target_peer_connection": 50,
            "max_connection": 20000,
            "connect_timeout": 5,
			"known_peers":[
                "test-seed1-node-ws.zetrix.com:80"
			]
        }
    },
    "webserver": {
        "listen_addresses": "0.0.0.0:19333",
        "index_name": "",
        "directory": "web/",
        "ssl_enable": false,
        "query_limit": 1000,
        "multiquery_limit": 100,
        "thread_count": 8
    },
    "wsserver": {
        "listen_address": "0.0.0.0:7053",
        "allow_orgin": ""
    },
    "ledger": {
        "validation_address": "",
        "validation_private_key": "",
        "max_trans_per_ledger": 1000,
        "hash_type": 0,
        "hardfork_points": [],
		"tx_pool":{
            "queue_limit":10240,
            "queue_per_account_txs_limit":64
        }
    },
    "genesis": {
        "chain_id": 0,
        "account": "ZTX3WqX9oX6v9TgNT8syfidKpzDv5veh14L4s",
        "slogan": "a new era of value",
        "fees": {
            "base_reserve": 0,
            "gas_price": 10
        },
        "validators":[
            "ZTX3a3Dk3ges1AszHQzEDfURtpH7mQPPN2jdk",
            "ZTX3U1siUEjKwDCYBhiGk7A9S2mSzskT4Gn8H",
            "ZTX3U27gSSFPR1ggoGfXe5X5rbQCV9CvHafJH",
            "ZTX3NC7ETj6K7dPNpv73oGgrqU1mxvyRyyWQN"
	]
    },
    "logger": {
        "path": "log/bubi.log",
        "dest": "FILE|STDOUT|STDERR",
        "level": "TRACE|INFO|WARNING|ERROR|FATAL",
        "time_capacity": 1,
        "size_capacity": 10,
        "expire_days": 10
    }
}
